-- HJB Insurance MySQL DML
-- Sample data for the normalized schema (run after mysql_schema.sql)
--
-- ID ranges:
--   hjb_customer:    1001-1050
--   hjb_policy:      2001-2040 (auto, Policy_Type='A'), 3001-3040 (home, Policy_Type='H')
--   hjb_autopolicy:  AP_ID 2001-2040 (mirrors hjb_policy)
--   hjb_homepolicy:  HP_ID 3001-3040 (mirrors hjb_policy)
--   hjb_vehicle:     VIN00000000000001 - VIN00000000000040
--   hjb_home:        4001-4040
--   hjb_auto_invoice:  6001-6040
--   hjb_home_invoice:  8001-8040
--   hjb_auto_payment:  7001-7040
--   hjb_home_payment:  9001-9040

SET FOREIGN_KEY_CHECKS = 0;

-- ============================================================
-- hjb_customer  (50 rows)
-- Cust_Type computed from policies below:
--   A = auto only, H = home only, B = both
-- ============================================================
INSERT INTO hjb_customer (CUST_ID, FNAME, LNAME, Gender, Marital_Status, Cust_Type, Addr_Street, Addr_City, Addr_State, Zipcode) VALUES
    (1001, 'James',     'Smith',     'M', 'S', 'A', 'Oak St',    'Albany',      'NY', '10001'),
    (1002, 'Mary',      'Johnson',   'F', 'M', 'A', 'Pine Ave',  'Buffalo',     'NJ', '11201'),
    (1003, 'John',      'Williams',  'M', 'W', 'A', 'Maple Rd',  'Queens',      'CT', '11735'),
    (1004, 'Patricia',  'Brown',     'F', 'S', 'A', 'Cedar Dr',  'Brooklyn',    'PA', '11747'),
    (1005, 'Robert',    'Jones',     'M', 'M', 'A', 'Elm St',    'Hempstead',   'NY', '11758'),
    (1006, 'Linda',     'Garcia',    'F', 'W', 'A', 'Lake Rd',   'Farmingdale', 'NJ', '14201'),
    (1007, 'Michael',   'Miller',    'M', 'S', 'A', 'Hill Ave',  'Melville',    'CT', '12207'),
    (1008, 'Barbara',   'Davis',     'F', 'M', 'A', 'Park St',   'Syosset',     'PA', '14604'),
    (1009, 'William',   'Rodriguez', 'M', 'W', 'A', 'River Rd',  'Babylon',     'NY', '13202'),
    (1010, 'Elizabeth', 'Martinez',  'F', 'S', 'A', 'Main St',   'Rochester',   'NJ', '10701'),
    (1011, 'David',     'Hernandez', 'M', 'M', 'B', 'Sunset Dr', 'Syracuse',    'CT', '07030'),
    (1012, 'Jennifer',  'Lopez',     'F', 'W', 'B', 'North Ave', 'Yonkers',     'PA', '08540'),
    (1013, 'Richard',   'Gonzalez',  'M', 'S', 'B', 'South St',  'Ithaca',      'NY', '06510'),
    (1014, 'Maria',     'Wilson',    'F', 'M', 'B', 'West Rd',   'Troy',        'NJ', '19103'),
    (1015, 'Joseph',    'Anderson',  'M', 'W', 'B', 'East Ave',  'Utica',       'CT', '15222'),
    (1016, 'Susan',     'Thomas',    'F', 'S', 'B', 'Oak St',    'Albany',      'PA', '10001'),
    (1017, 'Thomas',    'Taylor',    'M', 'M', 'B', 'Pine Ave',  'Buffalo',     'NY', '11201'),
    (1018, 'Margaret',  'Moore',     'F', 'W', 'B', 'Maple Rd',  'Queens',      'NJ', '11735'),
    (1019, 'Charles',   'Jackson',   'M', 'S', 'B', 'Cedar Dr',  'Brooklyn',    'CT', '11747'),
    (1020, 'Dorothy',   'Martin',    'F', 'M', 'B', 'Elm St',    'Hempstead',   'PA', '11758'),
    (1021, 'Chris',     'Lee',       'M', 'W', 'B', 'Lake Rd',   'Farmingdale', 'NY', '14201'),
    (1022, 'Nancy',     'Perez',     'F', 'S', 'B', 'Hill Ave',  'Melville',    'NJ', '12207'),
    (1023, 'Daniel',    'Thompson',  'M', 'M', 'B', 'Park St',   'Syosset',     'CT', '14604'),
    (1024, 'Lisa',      'White',     'F', 'W', 'B', 'River Rd',  'Babylon',     'PA', '13202'),
    (1025, 'Matthew',   'Harris',    'M', 'S', 'B', 'Main St',   'Rochester',   'NY', '10701'),
    (1026, 'Betty',     'Sanchez',   'F', 'M', 'B', 'Sunset Dr', 'Syracuse',    'NJ', '07030'),
    (1027, 'Anthony',   'Clark',     'M', 'W', 'B', 'North Ave', 'Yonkers',     'CT', '08540'),
    (1028, 'Sandra',    'Ramirez',   'F', 'S', 'B', 'South St',  'Ithaca',      'PA', '06510'),
    (1029, 'Mark',      'Lewis',     'M', 'M', 'B', 'West Rd',   'Troy',        'NY', '19103'),
    (1030, 'Ashley',    'Robinson',  'F', 'W', 'B', 'East Ave',  'Utica',       'NJ', '15222'),
    (1031, 'Donald',    'Walker',    'M', 'S', 'B', 'Oak St',    'Albany',      'CT', '10001'),
    (1032, 'Kimberly',  'Young',     'F', 'M', 'B', 'Pine Ave',  'Buffalo',     'PA', '11201'),
    (1033, 'Steven',    'Allen',     'M', 'W', 'B', 'Maple Rd',  'Queens',      'NY', '11735'),
    (1034, 'Emily',     'King',      'F', 'S', 'B', 'Cedar Dr',  'Brooklyn',    'NJ', '11747'),
    (1035, 'Paul',      'Wright',    'M', 'M', 'B', 'Elm St',    'Hempstead',   'CT', '11758'),
    (1036, 'Donna',     'Scott',     'F', 'W', 'B', 'Lake Rd',   'Farmingdale', 'PA', '14201'),
    (1037, 'Andrew',    'Torres',    'M', 'S', 'B', 'Hill Ave',  'Melville',    'NY', '12207'),
    (1038, 'Michelle',  'Nguyen',    'F', 'M', 'B', 'Park St',   'Syosset',     'NJ', '14604'),
    (1039, 'Joshua',    'Hill',      'M', 'W', 'B', 'River Rd',  'Babylon',     'CT', '13202'),
    (1040, 'Carol',     'Flores',    'F', 'S', 'B', 'Main St',   'Rochester',   'PA', '10701'),
    (1041, 'Kenneth',   'Green',     'M', 'M', 'H', 'Sunset Dr', 'Syracuse',    'NY', '07030'),
    (1042, 'Amanda',    'Adams',     'F', 'W', 'H', 'North Ave', 'Yonkers',     'NJ', '08540'),
    (1043, 'Kevin',     'Nelson',    'M', 'S', 'H', 'South St',  'Ithaca',      'CT', '06510'),
    (1044, 'Melissa',   'Baker',     'F', 'M', 'H', 'West Rd',   'Troy',        'PA', '19103'),
    (1045, 'Brian',     'Hall',      'M', 'W', 'H', 'East Ave',  'Utica',       'NY', '15222'),
    (1046, 'Deborah',   'Rivera',    'F', 'S', 'H', 'Oak St',    'Albany',      'NJ', '10001'),
    (1047, 'George',    'Campbell',  'M', 'M', 'H', 'Pine Ave',  'Buffalo',     'CT', '11201'),
    (1048, 'Stephanie', 'Mitchell',  'F', 'W', 'H', 'Maple Rd',  'Queens',      'PA', '11735'),
    (1049, 'Edward',    'Carter',    'M', 'S', 'H', 'Cedar Dr',  'Brooklyn',    'NY', '11747'),
    (1050, 'Rebecca',   'Roberts',   'F', 'M', 'H', 'Elm St',    'Hempstead',   'NJ', '11758');

-- ============================================================
-- hjb_policy  (80 rows: 2001-2040 auto + 3001-3040 home)
-- AUTO policies: cust 1001-1040 (Cust_Type A or B)
-- HOME policies: cust 1011-1050 (Cust_Type H or B)
-- ============================================================
INSERT INTO hjb_policy (POLICY_ID, SDATE, EDATE, Amount, Status, Policy_Type, HJB_CUSTOMER_CUST_ID) VALUES
    (2001, '2024-01-01', '2024-12-31',  850.00, 'E', 'A', 1001),
    (2002, '2025-02-04', '2026-02-03',  887.50, 'C', 'A', 1002),
    (2003, '2024-03-07', '2025-03-06',  925.00, 'C', 'A', 1003),
    (2004, '2025-04-10', '2026-04-09',  962.50, 'C', 'A', 1004),
    (2005, '2024-05-13', '2025-05-12', 1000.00, 'C', 'A', 1005),
    (2006, '2025-06-16', '2026-06-15', 1037.50, 'E', 'A', 1006),
    (2007, '2024-07-19', '2025-07-18', 1075.00, 'C', 'A', 1007),
    (2008, '2025-08-22', '2026-08-21', 1112.50, 'C', 'A', 1008),
    (2009, '2024-09-01', '2025-08-31', 1150.00, 'C', 'A', 1009),
    (2010, '2025-10-04', '2026-10-03', 1187.50, 'C', 'A', 1010),
    (2011, '2024-11-07', '2025-11-06', 1225.00, 'E', 'A', 1011),
    (2012, '2025-12-10', '2026-12-09', 1262.50, 'C', 'A', 1012),
    (2013, '2024-01-13', '2025-01-12', 1300.00, 'C', 'A', 1013),
    (2014, '2025-02-16', '2026-02-15', 1337.50, 'C', 'A', 1014),
    (2015, '2024-03-19', '2025-03-18', 1375.00, 'C', 'A', 1015),
    (2016, '2025-04-22', '2026-04-21', 1412.50, 'E', 'A', 1016),
    (2017, '2024-05-01', '2025-04-30', 1450.00, 'C', 'A', 1017),
    (2018, '2025-06-04', '2026-06-03', 1487.50, 'C', 'A', 1018),
    (2019, '2024-07-07', '2025-07-06', 1525.00, 'C', 'A', 1019),
    (2020, '2025-08-10', '2026-08-09', 1562.50, 'C', 'A', 1020),
    (2021, '2024-09-13', '2025-09-12', 1600.00, 'E', 'A', 1021),
    (2022, '2025-10-16', '2026-10-15', 1637.50, 'C', 'A', 1022),
    (2023, '2024-11-19', '2025-11-18', 1675.00, 'C', 'A', 1023),
    (2024, '2025-12-22', '2026-12-21', 1712.50, 'C', 'A', 1024),
    (2025, '2024-01-01', '2024-12-31', 1750.00, 'C', 'A', 1025),
    (2026, '2025-02-04', '2026-02-03', 1787.50, 'E', 'A', 1026),
    (2027, '2024-03-07', '2025-03-06', 1825.00, 'C', 'A', 1027),
    (2028, '2025-04-10', '2026-04-09', 1862.50, 'C', 'A', 1028),
    (2029, '2024-05-13', '2025-05-12', 1900.00, 'C', 'A', 1029),
    (2030, '2025-06-16', '2026-06-15', 1937.50, 'C', 'A', 1030),
    (2031, '2024-07-19', '2025-07-18', 1975.00, 'E', 'A', 1031),
    (2032, '2025-08-22', '2026-08-21', 2012.50, 'C', 'A', 1032),
    (2033, '2024-09-01', '2025-08-31', 2050.00, 'C', 'A', 1033),
    (2034, '2025-10-04', '2026-10-03', 2087.50, 'C', 'A', 1034),
    (2035, '2024-11-07', '2025-11-06', 2125.00, 'C', 'A', 1035),
    (2036, '2025-12-10', '2026-12-09', 2162.50, 'E', 'A', 1036),
    (2037, '2024-01-13', '2025-01-12', 2200.00, 'C', 'A', 1037),
    (2038, '2025-02-16', '2026-02-15', 2237.50, 'C', 'A', 1038),
    (2039, '2024-03-19', '2025-03-18', 2275.00, 'C', 'A', 1039),
    (2040, '2025-04-22', '2026-04-21', 2312.50, 'C', 'A', 1040),
    (3001, '2024-01-05', '2025-01-04', 1200.00, 'E', 'H', 1011),
    (3002, '2025-02-07', '2026-02-06', 1252.75, 'C', 'H', 1012),
    (3003, '2024-03-09', '2025-03-08', 1305.50, 'C', 'H', 1013),
    (3004, '2025-04-11', '2026-04-10', 1358.25, 'C', 'H', 1014),
    (3005, '2024-05-13', '2025-05-12', 1411.00, 'C', 'H', 1015),
    (3006, '2025-06-15', '2026-06-14', 1463.75, 'C', 'H', 1016),
    (3007, '2024-07-17', '2025-07-16', 1516.50, 'E', 'H', 1017),
    (3008, '2025-08-19', '2026-08-18', 1569.25, 'C', 'H', 1018),
    (3009, '2024-09-21', '2025-09-20', 1622.00, 'C', 'H', 1019),
    (3010, '2025-10-23', '2026-10-22', 1674.75, 'C', 'H', 1020),
    (3011, '2024-11-05', '2025-11-04', 1727.50, 'C', 'H', 1021),
    (3012, '2025-12-07', '2026-12-06', 1780.25, 'C', 'H', 1022),
    (3013, '2024-01-09', '2025-01-08', 1833.00, 'E', 'H', 1023),
    (3014, '2025-02-11', '2026-02-10', 1885.75, 'C', 'H', 1024),
    (3015, '2024-03-13', '2025-03-12', 1938.50, 'C', 'H', 1025),
    (3016, '2025-04-15', '2026-04-14', 1991.25, 'C', 'H', 1026),
    (3017, '2024-05-17', '2025-05-16', 2044.00, 'C', 'H', 1027),
    (3018, '2025-06-19', '2026-06-18', 2096.75, 'C', 'H', 1028),
    (3019, '2024-07-21', '2025-07-20', 2149.50, 'E', 'H', 1029),
    (3020, '2025-08-23', '2026-08-22', 2202.25, 'C', 'H', 1030),
    (3021, '2024-09-05', '2025-09-04', 2255.00, 'C', 'H', 1031),
    (3022, '2025-10-07', '2026-10-06', 2307.75, 'C', 'H', 1032),
    (3023, '2024-11-09', '2025-11-08', 2360.50, 'C', 'H', 1033),
    (3024, '2025-12-11', '2026-12-10', 2413.25, 'C', 'H', 1034),
    (3025, '2024-01-13', '2025-01-12', 2466.00, 'E', 'H', 1035),
    (3026, '2025-02-15', '2026-02-14', 2518.75, 'C', 'H', 1036),
    (3027, '2024-03-17', '2025-03-16', 2571.50, 'C', 'H', 1037),
    (3028, '2025-04-19', '2026-04-18', 2624.25, 'C', 'H', 1038),
    (3029, '2024-05-21', '2025-05-20', 2677.00, 'C', 'H', 1039),
    (3030, '2025-06-23', '2026-06-22', 2729.75, 'C', 'H', 1040),
    (3031, '2024-07-05', '2025-07-04', 2782.50, 'E', 'H', 1041),
    (3032, '2025-08-07', '2026-08-06', 2835.25, 'C', 'H', 1042),
    (3033, '2024-09-09', '2025-09-08', 2888.00, 'C', 'H', 1043),
    (3034, '2025-10-11', '2026-10-10', 2940.75, 'C', 'H', 1044),
    (3035, '2024-11-13', '2025-11-12', 2993.50, 'C', 'H', 1045),
    (3036, '2025-12-15', '2026-12-14', 3046.25, 'C', 'H', 1046),
    (3037, '2024-01-17', '2025-01-16', 3099.00, 'E', 'H', 1047),
    (3038, '2025-02-19', '2026-02-18', 3151.75, 'C', 'H', 1048),
    (3039, '2024-03-21', '2025-03-20', 3204.50, 'C', 'H', 1049),
    (3040, '2025-04-23', '2026-04-22', 3257.25, 'C', 'H', 1050);

-- ============================================================
-- hjb_autopolicy  (40 rows: subtype, AP_ID only)
-- ============================================================
INSERT INTO hjb_autopolicy (AP_ID) VALUES
    (2001),(2002),(2003),(2004),(2005),(2006),(2007),(2008),(2009),(2010),
    (2011),(2012),(2013),(2014),(2015),(2016),(2017),(2018),(2019),(2020),
    (2021),(2022),(2023),(2024),(2025),(2026),(2027),(2028),(2029),(2030),
    (2031),(2032),(2033),(2034),(2035),(2036),(2037),(2038),(2039),(2040);

-- ============================================================
-- hjb_homepolicy  (40 rows: subtype, HP_ID only)
-- ============================================================
INSERT INTO hjb_homepolicy (HP_ID) VALUES
    (3001),(3002),(3003),(3004),(3005),(3006),(3007),(3008),(3009),(3010),
    (3011),(3012),(3013),(3014),(3015),(3016),(3017),(3018),(3019),(3020),
    (3021),(3022),(3023),(3024),(3025),(3026),(3027),(3028),(3029),(3030),
    (3031),(3032),(3033),(3034),(3035),(3036),(3037),(3038),(3039),(3040);

-- ============================================================
-- hjb_vehicle  (40 rows; VIN is VARCHAR(17): 'VIN' + 14-digit zero-padded number)
-- ============================================================
INSERT INTO hjb_vehicle (VIN, MMY, Status, HJB_AUTOPOLICY_AP_ID) VALUES
    ('VIN00000000000001', '2020 Toyota Camry',         'O', 2001),
    ('VIN00000000000002', '2021 Honda Civic',           'F', 2002),
    ('VIN00000000000003', '2019 Honda Accord',          'L', 2003),
    ('VIN00000000000004', '2022 Toyota RAV4',           'O', 2004),
    ('VIN00000000000005', '2020 Honda CR-V',            'F', 2005),
    ('VIN00000000000006', '2023 Nissan Altima',         'L', 2006),
    ('VIN00000000000007', '2021 Nissan Rogue',          'O', 2007),
    ('VIN00000000000008', '2018 Ford F-150',            'F', 2008),
    ('VIN00000000000009', '2022 Ford Escape',           'L', 2009),
    ('VIN00000000000010', '2019 Chevrolet Malibu',      'O', 2010),
    ('VIN00000000000011', '2020 Toyota Camry',          'F', 2011),
    ('VIN00000000000012', '2021 Honda Civic',           'L', 2012),
    ('VIN00000000000013', '2019 Honda Accord',          'O', 2013),
    ('VIN00000000000014', '2022 Toyota RAV4',           'F', 2014),
    ('VIN00000000000015', '2020 Honda CR-V',            'L', 2015),
    ('VIN00000000000016', '2023 Nissan Altima',         'O', 2016),
    ('VIN00000000000017', '2021 Nissan Rogue',          'F', 2017),
    ('VIN00000000000018', '2018 Ford F-150',            'L', 2018),
    ('VIN00000000000019', '2022 Ford Escape',           'O', 2019),
    ('VIN00000000000020', '2019 Chevrolet Malibu',      'F', 2020),
    ('VIN00000000000021', '2020 Toyota Camry',          'L', 2021),
    ('VIN00000000000022', '2021 Honda Civic',           'O', 2022),
    ('VIN00000000000023', '2019 Honda Accord',          'F', 2023),
    ('VIN00000000000024', '2022 Toyota RAV4',           'L', 2024),
    ('VIN00000000000025', '2020 Honda CR-V',            'O', 2025),
    ('VIN00000000000026', '2023 Nissan Altima',         'F', 2026),
    ('VIN00000000000027', '2021 Nissan Rogue',          'L', 2027),
    ('VIN00000000000028', '2018 Ford F-150',            'O', 2028),
    ('VIN00000000000029', '2022 Ford Escape',           'F', 2029),
    ('VIN00000000000030', '2019 Chevrolet Malibu',      'L', 2030),
    ('VIN00000000000031', '2020 Toyota Camry',          'O', 2031),
    ('VIN00000000000032', '2021 Honda Civic',           'F', 2032),
    ('VIN00000000000033', '2019 Honda Accord',          'L', 2033),
    ('VIN00000000000034', '2022 Toyota RAV4',           'O', 2034),
    ('VIN00000000000035', '2020 Honda CR-V',            'F', 2035),
    ('VIN00000000000036', '2023 Nissan Altima',         'L', 2036),
    ('VIN00000000000037', '2021 Nissan Rogue',          'O', 2037),
    ('VIN00000000000038', '2018 Ford F-150',            'F', 2038),
    ('VIN00000000000039', '2022 Ford Escape',           'L', 2039),
    ('VIN00000000000040', '2019 Chevrolet Malibu',      'O', 2040);

-- ============================================================
-- hjb_driver  (40 rows; each driver linked to one vehicle)
-- ============================================================
INSERT INTO hjb_driver (Driver_License, FNAME, LNAME, Birthday, HJB_VEHICLE_VIN) VALUES
    ('NYD700001', 'David',      'Thomas',    '1965-01-01', 'VIN00000000000001'),
    ('NYD700002', 'Jennifer',   'Taylor',    '1966-02-03', 'VIN00000000000002'),
    ('NYD700003', 'Richard',    'Moore',     '1967-03-05', 'VIN00000000000003'),
    ('NYD700004', 'Maria',      'Jackson',   '1968-04-07', 'VIN00000000000004'),
    ('NYD700005', 'Joseph',     'Martin',    '1969-05-09', 'VIN00000000000005'),
    ('NYD700006', 'Susan',      'Lee',       '1970-06-11', 'VIN00000000000006'),
    ('NYD700007', 'Thomas',     'Perez',     '1971-07-13', 'VIN00000000000007'),
    ('NYD700008', 'Margaret',   'Thompson',  '1972-08-15', 'VIN00000000000008'),
    ('NYD700009', 'Charles',    'White',     '1973-09-17', 'VIN00000000000009'),
    ('NYD700010', 'Dorothy',    'Harris',    '1974-10-19', 'VIN00000000000010'),
    ('NYD700011', 'Chris',      'Sanchez',   '1975-11-21', 'VIN00000000000011'),
    ('NYD700012', 'Nancy',      'Clark',     '1976-12-23', 'VIN00000000000012'),
    ('NYD700013', 'Daniel',     'Ramirez',   '1977-01-25', 'VIN00000000000013'),
    ('NYD700014', 'Lisa',       'Lewis',     '1978-02-27', 'VIN00000000000014'),
    ('NYD700015', 'Matthew',    'Robinson',  '1979-03-02', 'VIN00000000000015'),
    ('NYD700016', 'Betty',      'Walker',    '1980-04-04', 'VIN00000000000016'),
    ('NYD700017', 'Anthony',    'Young',     '1981-05-06', 'VIN00000000000017'),
    ('NYD700018', 'Sandra',     'Allen',     '1982-06-08', 'VIN00000000000018'),
    ('NYD700019', 'Mark',       'King',      '1983-07-10', 'VIN00000000000019'),
    ('NYD700020', 'Ashley',     'Wright',    '1984-08-12', 'VIN00000000000020'),
    ('NYD700021', 'Donald',     'Scott',     '1985-09-14', 'VIN00000000000021'),
    ('NYD700022', 'Kimberly',   'Torres',    '1986-10-16', 'VIN00000000000022'),
    ('NYD700023', 'Steven',     'Nguyen',    '1987-11-18', 'VIN00000000000023'),
    ('NYD700024', 'Emily',      'Hill',      '1988-12-20', 'VIN00000000000024'),
    ('NYD700025', 'Paul',       'Flores',    '1989-01-22', 'VIN00000000000025'),
    ('NYD700026', 'Donna',      'Green',     '1990-02-24', 'VIN00000000000026'),
    ('NYD700027', 'Andrew',     'Adams',     '1991-03-26', 'VIN00000000000027'),
    ('NYD700028', 'Michelle',   'Nelson',    '1992-04-01', 'VIN00000000000028'),
    ('NYD700029', 'Joshua',     'Baker',     '1993-05-03', 'VIN00000000000029'),
    ('NYD700030', 'Carol',      'Hall',      '1994-06-05', 'VIN00000000000030'),
    ('NYD700031', 'Kenneth',    'Rivera',    '1995-07-07', 'VIN00000000000031'),
    ('NYD700032', 'Amanda',     'Campbell',  '1996-08-09', 'VIN00000000000032'),
    ('NYD700033', 'Kevin',      'Mitchell',  '1997-09-11', 'VIN00000000000033'),
    ('NYD700034', 'Melissa',    'Carter',    '1998-10-13', 'VIN00000000000034'),
    ('NYD700035', 'Brian',      'Roberts',   '1999-11-15', 'VIN00000000000035'),
    ('NYD700036', 'Deborah',    'Smith',     '1965-12-17', 'VIN00000000000036'),
    ('NYD700037', 'George',     'Johnson',   '1966-01-19', 'VIN00000000000037'),
    ('NYD700038', 'Stephanie',  'Williams',  '1967-02-21', 'VIN00000000000038'),
    ('NYD700039', 'Edward',     'Brown',     '1968-03-23', 'VIN00000000000039'),
    ('NYD700040', 'Rebecca',    'Jones',     '1969-04-25', 'VIN00000000000040');

-- ============================================================
-- hjb_home  (40 rows; HP_ID = 3001-3040)
-- ============================================================
INSERT INTO hjb_home (Home_ID, PDate, PValue, Area, Home_Type, AFN, HSS, SP, Basement, HJB_HOMEPOLICY_HP_ID) VALUES
    (4001, '1990-01-01', 180000.00,  950, 'S', 0, 1, 'U', 0, 3001),
    (4002, '1991-02-04', 191500.00, 1035, 'M', 1, 0, 'O', 1, 3002),
    (4003, '1992-03-07', 203000.00, 1120, 'C', 0, 1, 'I', 1, 3003),
    (4004, '1993-04-10', 214500.00, 1205, 'T', 1, 0, 'M', 0, 3004),
    (4005, '1994-05-13', 226000.00, 1290, 'S', 0, 1, 'U', 1, 3005),
    (4006, '1995-06-16', 237500.00, 1375, 'M', 1, 0, 'O', 1, 3006),
    (4007, '1996-07-19', 249000.00, 1460, 'C', 0, 1, 'I', 0, 3007),
    (4008, '1997-08-22', 260500.00, 1545, 'T', 1, 0, 'M', 1, 3008),
    (4009, '1998-09-25', 272000.00, 1630, 'S', 0, 1, 'U', 1, 3009),
    (4010, '1999-10-01', 283500.00, 1715, 'M', 1, 0, 'O', 0, 3010),
    (4011, '2000-11-04', 295000.00, 1800, 'C', 0, 1, 'I', 1, 3011),
    (4012, '2001-12-07', 306500.00, 1885, 'T', 1, 0, 'M', 1, 3012),
    (4013, '2002-01-10', 318000.00, 1970, 'S', 0, 1, 'U', 0, 3013),
    (4014, '2003-02-13', 329500.00, 2055, 'M', 1, 0, 'O', 1, 3014),
    (4015, '2004-03-16', 341000.00, 2140, 'C', 0, 1, 'I', 1, 3015),
    (4016, '2005-04-19', 352500.00, 2225, 'T', 1, 0, 'M', 0, 3016),
    (4017, '2006-05-22', 364000.00, 2310, 'S', 0, 1, 'U', 1, 3017),
    (4018, '2007-06-25', 375500.00, 2395, 'M', 1, 0, 'O', 1, 3018),
    (4019, '2008-07-01', 387000.00, 2480, 'C', 0, 1, 'I', 0, 3019),
    (4020, '2009-08-04', 398500.00, 2565, 'T', 1, 0, 'M', 1, 3020),
    (4021, '2010-09-07', 410000.00, 2650, 'S', 0, 1, 'U', 1, 3021),
    (4022, '2011-10-10', 421500.00, 2735, 'M', 1, 0, 'O', 0, 3022),
    (4023, '2012-11-13', 433000.00, 2820, 'C', 0, 1, 'I', 1, 3023),
    (4024, '2013-12-16', 444500.00, 2905, 'T', 1, 0, 'M', 1, 3024),
    (4025, '2014-01-19', 456000.00, 2990, 'S', 0, 1, 'U', 0, 3025),
    (4026, '2015-02-22', 467500.00, 3075, 'M', 1, 0, 'O', 1, 3026),
    (4027, '2016-03-25', 479000.00, 3160, 'C', 0, 1, 'I', 1, 3027),
    (4028, '2017-04-01', 490500.00, 3245, 'T', 1, 0, 'M', 0, 3028),
    (4029, '2018-05-04', 502000.00, 3330, 'S', 0, 1, 'U', 1, 3029),
    (4030, '2019-06-07', 513500.00, 3415, 'M', 1, 0, 'O', 1, 3030),
    (4031, '1990-07-10', 525000.00, 3500, 'C', 0, 1, 'I', 0, 3031),
    (4032, '1991-08-13', 536500.00,  985, 'T', 1, 0, 'M', 1, 3032),
    (4033, '1992-09-16', 548000.00, 1070, 'S', 0, 1, 'U', 1, 3033),
    (4034, '1993-10-19', 559500.00, 1155, 'M', 1, 0, 'O', 0, 3034),
    (4035, '1994-11-22', 571000.00, 1240, 'C', 0, 1, 'I', 1, 3035),
    (4036, '1995-12-25', 582500.00, 1325, 'T', 1, 0, 'M', 1, 3036),
    (4037, '1996-01-01', 594000.00, 1410, 'S', 0, 1, 'U', 0, 3037),
    (4038, '1997-02-04', 185500.00, 1495, 'M', 1, 0, 'O', 1, 3038),
    (4039, '1998-03-07', 197000.00, 1580, 'C', 0, 1, 'I', 1, 3039),
    (4040, '1999-04-10', 208500.00, 1665, 'T', 1, 0, 'M', 0, 3040);

-- ============================================================
-- hjb_auto_invoice  (40 rows; I_ID 6001-6040, linked to AP_ID 2001-2040)
-- ============================================================
INSERT INTO hjb_auto_invoice (I_ID, I_Date, Due, Amount, HJB_AUTOPOLICY_AP_ID) VALUES
    (6001, '2025-01-01', '2025-01-31',  110.00, 2001),
    (6002, '2025-02-03', '2025-03-05',  124.25, 2002),
    (6003, '2025-03-05', '2025-04-04',  138.50, 2003),
    (6004, '2025-04-07', '2025-05-07',  152.75, 2004),
    (6005, '2025-05-09', '2025-06-08',  167.00, 2005),
    (6006, '2025-06-11', '2025-07-11',  181.25, 2006),
    (6007, '2025-07-13', '2025-08-12',  195.50, 2007),
    (6008, '2025-08-15', '2025-09-14',  209.75, 2008),
    (6009, '2025-09-17', '2025-10-17',  224.00, 2009),
    (6010, '2025-10-19', '2025-11-18',  238.25, 2010),
    (6011, '2025-11-21', '2025-12-21',  252.50, 2011),
    (6012, '2025-12-23', '2026-01-22',  266.75, 2012),
    (6013, '2025-01-01', '2025-01-31',  281.00, 2013),
    (6014, '2025-02-03', '2025-03-05',  295.25, 2014),
    (6015, '2025-03-05', '2025-04-04',  309.50, 2015),
    (6016, '2025-04-07', '2025-05-07',  323.75, 2016),
    (6017, '2025-05-09', '2025-06-08',  338.00, 2017),
    (6018, '2025-06-11', '2025-07-11',  352.25, 2018),
    (6019, '2025-07-13', '2025-08-12',  366.50, 2019),
    (6020, '2025-08-15', '2025-09-14',  380.75, 2020),
    (6021, '2025-09-17', '2025-10-17',  395.00, 2021),
    (6022, '2025-10-19', '2025-11-18',  409.25, 2022),
    (6023, '2025-11-21', '2025-12-21',  423.50, 2023),
    (6024, '2025-12-23', '2026-01-22',  437.75, 2024),
    (6025, '2025-01-01', '2025-01-31',  452.00, 2025),
    (6026, '2025-02-03', '2025-03-05',  466.25, 2026),
    (6027, '2025-03-05', '2025-04-04',  480.50, 2027),
    (6028, '2025-04-07', '2025-05-07',  494.75, 2028),
    (6029, '2025-05-09', '2025-06-08',  509.00, 2029),
    (6030, '2025-06-11', '2025-07-11',  523.25, 2030),
    (6031, '2025-07-13', '2025-08-12',  537.50, 2031),
    (6032, '2025-08-15', '2025-09-14',  551.75, 2032),
    (6033, '2025-09-17', '2025-10-17',  116.00, 2033),
    (6034, '2025-10-19', '2025-11-18',  130.25, 2034),
    (6035, '2025-11-21', '2025-12-21',  144.50, 2035),
    (6036, '2025-12-23', '2026-01-22',  158.75, 2036),
    (6037, '2025-01-01', '2025-01-31',  173.00, 2037),
    (6038, '2025-02-03', '2025-03-05',  187.25, 2038),
    (6039, '2025-03-05', '2025-04-04',  201.50, 2039),
    (6040, '2025-04-07', '2025-05-07',  215.75, 2040);

-- ============================================================
-- hjb_auto_payment  (40 rows; P_ID 7001-7040)
-- ============================================================
INSERT INTO hjb_auto_payment (P_ID, Method, HJB_AUTO_INVOICE_I_ID, Pay_Amount, Pay_Date) VALUES
    (7001, 'Credit Card', 6001,  110.00, '2025-01-11'),
    (7002, 'ACH',         6002,  124.25, '2025-02-14'),
    (7003, 'Check',       6003,  138.50, '2025-03-17'),
    (7004, 'Debit Card',  6004,  152.75, '2025-04-20'),
    (7005, 'Cash',        6005,  167.00, '2025-05-23'),
    (7006, 'Credit Card', 6006,  181.25, '2025-06-26'),
    (7007, 'ACH',         6007,  195.50, '2025-07-29'),
    (7008, 'Check',       6008,  209.75, '2025-09-01'),
    (7009, 'Debit Card',  6009,  224.00, '2025-10-05'),
    (7010, 'Cash',        6010,  238.25, '2025-11-07'),
    (7011, 'Credit Card', 6011,  252.50, '2025-12-11'),
    (7012, 'ACH',         6012,  266.75, '2026-01-13'),
    (7013, 'Check',       6013,  281.00, '2025-01-23'),
    (7014, 'Debit Card',  6014,  295.25, '2025-02-26'),
    (7015, 'Cash',        6015,  309.50, '2025-03-29'),
    (7016, 'Credit Card', 6016,  323.75, '2025-04-17'),
    (7017, 'ACH',         6017,  338.00, '2025-05-20'),
    (7018, 'Check',       6018,  352.25, '2025-06-23'),
    (7019, 'Debit Card',  6019,  366.50, '2025-07-26'),
    (7020, 'Cash',        6020,  380.75, '2025-08-29'),
    (7021, 'Credit Card', 6021,  395.00, '2025-10-02'),
    (7022, 'ACH',         6022,  409.25, '2025-11-04'),
    (7023, 'Check',       6023,  423.50, '2025-12-08'),
    (7024, 'Debit Card',  6024,  437.75, '2026-01-10'),
    (7025, 'Cash',        6025,  452.00, '2025-01-20'),
    (7026, 'Credit Card', 6026,  466.25, '2025-02-23'),
    (7027, 'ACH',         6027,  480.50, '2025-03-26'),
    (7028, 'Check',       6028,  494.75, '2025-04-29'),
    (7029, 'Debit Card',  6029,  509.00, '2025-06-01'),
    (7030, 'Cash',        6030,  523.25, '2025-07-05'),
    (7031, 'Credit Card', 6031,  537.50, '2025-07-23'),
    (7032, 'ACH',         6032,  551.75, '2025-08-26'),
    (7033, 'Check',       6033,  116.00, '2025-09-29'),
    (7034, 'Debit Card',  6034,  130.25, '2025-11-01'),
    (7035, 'Cash',        6035,  144.50, '2025-12-05'),
    (7036, 'Credit Card', 6036,  158.75, '2026-01-07'),
    (7037, 'ACH',         6037,  173.00, '2025-01-17'),
    (7038, 'Check',       6038,  187.25, '2025-02-20'),
    (7039, 'Debit Card',  6039,  201.50, '2025-03-23'),
    (7040, 'Cash',        6040,  215.75, '2025-04-26');

-- ============================================================
-- hjb_home_invoice  (40 rows; I_ID 8001-8040, linked to HP_ID 3001-3040)
-- ============================================================
INSERT INTO hjb_home_invoice (I_ID, I_Date, Due, Amount, HJB_HOMEPOLICY_HP_ID) VALUES
    (8001, '2025-01-03', '2025-02-02',  145.00, 3001),
    (8002, '2025-02-05', '2025-03-07',  163.75, 3002),
    (8003, '2025-03-07', '2025-04-06',  182.50, 3003),
    (8004, '2025-04-09', '2025-05-09',  201.25, 3004),
    (8005, '2025-05-11', '2025-06-10',  220.00, 3005),
    (8006, '2025-06-13', '2025-07-13',  238.75, 3006),
    (8007, '2025-07-15', '2025-08-14',  257.50, 3007),
    (8008, '2025-08-17', '2025-09-16',  276.25, 3008),
    (8009, '2025-09-19', '2025-10-19',  295.00, 3009),
    (8010, '2025-10-21', '2025-11-20',  313.75, 3010),
    (8011, '2025-11-23', '2025-12-23',  332.50, 3011),
    (8012, '2025-12-03', '2026-01-02',  351.25, 3012),
    (8013, '2025-01-05', '2025-02-04',  370.00, 3013),
    (8014, '2025-02-07', '2025-03-09',  388.75, 3014),
    (8015, '2025-03-09', '2025-04-08',  407.50, 3015),
    (8016, '2025-04-11', '2025-05-11',  426.25, 3016),
    (8017, '2025-05-13', '2025-06-12',  445.00, 3017),
    (8018, '2025-06-15', '2025-07-15',  463.75, 3018),
    (8019, '2025-07-17', '2025-08-16',  482.50, 3019),
    (8020, '2025-08-19', '2025-09-18',  501.25, 3020),
    (8021, '2025-09-21', '2025-10-21',  520.00, 3021),
    (8022, '2025-10-23', '2025-11-22',  538.75, 3022),
    (8023, '2025-11-03', '2025-12-03',  557.50, 3023),
    (8024, '2025-12-05', '2026-01-04',  576.25, 3024),
    (8025, '2025-01-07', '2025-02-06',  595.00, 3025),
    (8026, '2025-02-09', '2025-03-11',  613.75, 3026),
    (8027, '2025-03-11', '2025-04-10',  632.50, 3027),
    (8028, '2025-04-13', '2025-05-13',  651.25, 3028),
    (8029, '2025-05-15', '2025-06-14',  670.00, 3029),
    (8030, '2025-06-17', '2025-07-17',  688.75, 3030),
    (8031, '2025-07-19', '2025-08-18',  707.50, 3031),
    (8032, '2025-08-21', '2025-09-20',  726.25, 3032),
    (8033, '2025-09-23', '2025-10-23',  145.00, 3033),
    (8034, '2025-10-03', '2025-11-02',  163.75, 3034),
    (8035, '2025-11-05', '2025-12-05',  182.50, 3035),
    (8036, '2025-12-07', '2026-01-06',  201.25, 3036),
    (8037, '2025-01-09', '2025-02-08',  220.00, 3037),
    (8038, '2025-02-11', '2025-03-13',  238.75, 3038),
    (8039, '2025-03-13', '2025-04-12',  257.50, 3039),
    (8040, '2025-04-15', '2025-05-15',  276.25, 3040);

-- ============================================================
-- hjb_home_payment  (40 rows; P_ID 9001-9040)
-- ============================================================
INSERT INTO hjb_home_payment (P_ID, Method, HJB_HOME_INVOICE_I_ID, Pay_Amount, Pay_Date) VALUES
    (9001, 'Check',       8001,  145.00, '2025-01-11'),
    (9002, 'Debit Card',  8002,  163.75, '2025-02-14'),
    (9003, 'Cash',        8003,  182.50, '2025-03-17'),
    (9004, 'Credit Card', 8004,  201.25, '2025-04-20'),
    (9005, 'ACH',         8005,  220.00, '2025-05-23'),
    (9006, 'Check',       8006,  238.75, '2025-06-26'),
    (9007, 'Debit Card',  8007,  257.50, '2025-07-29'),
    (9008, 'Cash',        8008,  276.25, '2025-09-01'),
    (9009, 'Credit Card', 8009,  295.00, '2025-10-05'),
    (9010, 'ACH',         8010,  313.75, '2025-11-07'),
    (9011, 'Check',       8011,  332.50, '2025-12-11'),
    (9012, 'Debit Card',  8012,  351.25, '2025-12-22'),
    (9013, 'Cash',        8013,  370.00, '2025-01-25'),
    (9014, 'Credit Card', 8014,  388.75, '2025-02-28'),
    (9015, 'ACH',         8015,  407.50, '2025-03-31'),
    (9016, 'Check',       8016,  426.25, '2025-05-04'),
    (9017, 'Debit Card',  8017,  445.00, '2025-06-06'),
    (9018, 'Cash',        8018,  463.75, '2025-07-10'),
    (9019, 'Credit Card', 8019,  482.50, '2025-07-25'),
    (9020, 'ACH',         8020,  501.25, '2025-08-28'),
    (9021, 'Check',       8021,  520.00, '2025-10-01'),
    (9022, 'Debit Card',  8022,  538.75, '2025-11-03'),
    (9023, 'Cash',        8023,  557.50, '2025-11-15'),
    (9024, 'Credit Card', 8024,  576.25, '2025-12-18'),
    (9025, 'ACH',         8025,  595.00, '2025-01-21'),
    (9026, 'Check',       8026,  613.75, '2025-02-24'),
    (9027, 'Debit Card',  8027,  632.50, '2025-03-27'),
    (9028, 'Cash',        8028,  651.25, '2025-04-30'),
    (9029, 'Credit Card', 8029,  670.00, '2025-06-02'),
    (9030, 'ACH',         8030,  688.75, '2025-07-06'),
    (9031, 'Check',       8031,  707.50, '2025-08-08'),
    (9032, 'Debit Card',  8032,  726.25, '2025-09-11'),
    (9033, 'Cash',        8033,  145.00, '2025-10-15'),
    (9034, 'Credit Card', 8034,  163.75, '2025-10-26'),
    (9035, 'ACH',         8035,  182.50, '2025-11-29'),
    (9036, 'Check',       8036,  201.25, '2026-01-01'),
    (9037, 'Debit Card',  8037,  220.00, '2025-01-17'),
    (9038, 'Cash',        8038,  238.75, '2025-02-20'),
    (9039, 'Credit Card', 8039,  257.50, '2025-03-23'),
    (9040, 'ACH',         8040,  276.25, '2025-04-26');

-- employee: DataInitializer creates admin/Admin@123 on first startup; no manual INSERT needed

-- ============================================================
-- hjb_plan  (6 plans: 3 auto tiers + 3 home tiers)
-- ============================================================
INSERT INTO hjb_plan (plan_id, plan_name, plan_type, amount, features, is_active) VALUES
    (1, 'Basic Auto',    'AUTO',  800.00, 'Liability,Collision,24/7 Roadside', 1),
    (2, 'Standard Auto', 'AUTO', 1200.00, 'Liability,Collision,Comprehensive,Rental Reimbursement', 1),
    (3, 'Premium Auto',  'AUTO', 1800.00, 'All Standard Benefits,Uninsured Motorist,Gap Coverage,Priority Claims', 1),
    (4, 'Basic Home',    'HOME',  600.00, 'Dwelling,Personal Property,Basic Liability', 1),
    (5, 'Standard Home', 'HOME', 1100.00, 'Dwelling,Personal Property,Liability,Loss of Use', 1),
    (6, 'Premium Home',  'HOME', 1800.00, 'All Standard Benefits,Flood Add-on,Earthquake Add-on,Dedicated Agent', 1);

SET FOREIGN_KEY_CHECKS = 1;
